Kelas	Prodi	Fakultas
BS1TR-50-REG-01	S1 Teknik Sistem Energi	FTE
BS1TR-50-REG-03	S1 Teknik Sistem Energi	FTE
BS1TR-50-REG-02	S1 Teknik Sistem Energi	FTE
BS1TE-50-REG-06	S1 Teknik Elektro	FTE
BS1FA-50-REG-GAB0304	S1 Film	FIK
BS1DP-50-REG-GAB0304	S1 Desain Produk	FIK
BS1TE-50-REG-07	S1 Teknik Elektro	FTE
BS1TK-50-REG-06	S1 Teknik Komputer	FTE
BS1TK-50-REG-03	S1 Teknik Komputer	FTE
BS1DI-50-REG-GAB0102	S1 Desain Interior	FIK
BS1DK-50-REG-GAB0910	S1 Desain Komunikasi Visual	FIK
BS1TT-50-REG-07	S1 Teknik Telekomunikasi	FTE
PS-49-03	S1 Psikologi	FKS
BS1SR-50-REG-0102	S1 Seni Rupa	FIK
BS1DK-50-REG-GAB1516	S1 Desain Komunikasi Visual	FIK
BS1AB-50-REG-06	S1 Administrasi Bisnis	FEB
BS1AB-50-REG-03	S1 Administrasi Bisnis	FEB
BS1AB-50-REG-13	S1 Administrasi Bisnis	FEB
BS1AB-50-REG-05	S1 Administrasi Bisnis	FEB
BS1AB-50-REG-02	S1 Administrasi Bisnis	FEB
BS1TF-50-REG-02	S1 Teknik Fisika	FTE
BS1TK-50-REG-07	S1 Teknik Komputer	FTE
BS1TE-50-REG-02	S1 Teknik Elektro	FTE
BS1TT-50-REG-01	S1 Teknik Telekomunikasi	FTE
BD3PH-50-REG-02	D3 Perhotelan	FIT
BD3PH-50-REG-04	D3 Perhotelan	FIT
BS1TT-50-REG-08	S1 Teknik Telekomunikasi	FTE
TB-50-04	S1 Teknik Biomedis	FTE
BS1TF-50-REG-01	S1 Teknik Fisika	FTE
JS1SI-26-REG-06	S1 Sistem Informasi - Kampus Jakarta	FRI
JS1SI-26-REG-04	S1 Sistem Informasi - Kampus Jakarta	FRI
JS1TT-26-REG-01	S1 Teknik Telekomunikasi - Kampus Jakarta	FTE
JS1TT-26-REG-03	S1 Teknik Telekomunikasi - Kampus Jakarta	FTE
JS1DKV-26-REG-01	S1 Desain Komunikasi Visual - Kampus Jakarta	FIK
JS1SI-26-REG-03	S1 Sistem Informasi - Kampus Jakarta	FRI
PS1TE-10-REG-01	S1 Teknik Elektro - Kampus Purwokerto	FTE
PS1TP-05-REG-01	S1 Teknologi Pangan - Kampus Purwokerto	FRI
PS1TI-10-REG-02	S1 Teknik Industri - Kampus Purwokerto	FRI
PS1TI-10-REG-05	S1 Teknik Industri - Kampus Purwokerto	FRI
PS1SI-10-REG-01	S1 Sistem Informasi - Kampus Purwokerto	FRI
PS1SI-10-REG-02	S1 Sistem Informasi - Kampus Purwokerto	FRI
BS1DK-50-REG-GAB0102	S1 Desain Komunikasi Visual	FIK
BD3TK-50-REG-01	D3 Teknologi Komputer	FIT
BS1KR-50-REG-GAB0304	S1 Kriya	FIK
BS1DI-50-REG-GAB0304	S1 Desain Interior	FIK
BS1DK-50-REG-GAB1920	S1 Desain Komunikasi Visual	FIK
BD4SM-50-REG-03	D4 Teknologi Rekayasa Multimedia	FIT
BS1TE-50-REG-01	S1 Teknik Elektro	FTE
BS1DK-50-INT-01	S1 Desain Komunikasi Visual (International Class)	FIK
BS1DK-50-REG-GAB0506	S1 Desain Komunikasi Visual	FIK
BS1AB-50-REG-01-INT	S1 Administrasi Bisnis (International Class)	FEB
BS1TE-50-REG-05	S1 Teknik Elektro	FTE
BS1DP-50-REG-GAB0506	S1 Desain Produk	FIK
BD4SC-50-REG-03	D4 Sistem Informasi Kota Cerdas	FIT
BD3MP-50-REG-04	D3 Manajemen Pemasaran	FIT
BS1PR-50-REG-01	S1 Hubungan Masyarakat	FKS
BS1AB-50-REG-09	S1 Administrasi Bisnis	FEB
BS1AB-50-REG-07	S1 Administrasi Bisnis	FEB
BS1AB-50-REG-12	S1 Administrasi Bisnis	FEB
BS1AB-50-REG-01	S1 Administrasi Bisnis	FEB
BD3SIA-50-REG-01	D3 Sistem Informasi Akuntansi	FIT
BS1TK-50-REG-02	S1 Teknik Komputer	FTE
JS1SI-26-REG-02	S1 Sistem Informasi - Kampus Jakarta	FRI
JS1TT-26-REG-02	S1 Teknik Telekomunikasi - Kampus Jakarta	FTE
JS1DKV-26-REG-02	S1 Desain Komunikasi Visual - Kampus Jakarta	FIK
JS1DKV-26-REG-03	S1 Desain Komunikasi Visual - Kampus Jakarta	FIK
PS1TB-07-REG-02	S1 Teknik Biomedis - Kampus Purwokerto	FTE
PS1TI-10-REG-03	S1 Teknik Industri - Kampus Purwokerto	FRI
PS1TI-10-REG-01	S1 Teknik Industri - Kampus Purwokerto	FRI
PS1SI-10-REG-04	S1 Sistem Informasi - Kampus Purwokerto	FRI
PD3TT-14-REG-01	D3 Teknik Telekomunikasi - Kampus Purwokerto	FIT
BS1TT-50-REG-06	S1 Teknik Telekomunikasi	FTE
BS1KR-50-REG-GAB0506	S1 Kriya	FIK
BD3SI-50-REG-02	D3 Sistem Informasi	FIT
BD3PH-50-REG-01	D3 Perhotelan	FIT
BD3IF-50-REG-01	D3 Rekayasa Perangkat Lunak Aplikasi	FIT
BS1TK-50-REG-04	S1 Teknik Komputer	FTE
BS1DP-50-REG-GAB0102	S1 Desain Produk	FIK
BS1TK-50-REG-05	S1 Teknik Komputer	FTE
BD4SC-50-REG-01	D4 Sistem Informasi Kota Cerdas	FIT
BD3SI-50-REG-01	D3 Sistem Informasi	FIT
BD3SI-50-REG-03	D3 Sistem Informasi	FIT
BS1DI-50-REG-GAB0910	S1 Desain Interior	FIK
BS1DB-50-REG-02	S1 Penyiaran Konten Digital	FKS
PS-49-02	S1 Psikologi	FKS
BS1PR-50-REG-05	S1 Hubungan Masyarakat	FKS
BS1AB-50-REG-10	S1 Administrasi Bisnis	FEB
BS1AB-50-REG-08	S1 Administrasi Bisnis	FEB
TB-50-02	S1 Teknik Biomedis	FTE
BD3MP-50-REG-03	D3 Manajemen Pemasaran	FIT
BD3MP-50-REG-02	D3 Manajemen Pemasaran	FIT
BS1TF-50-REG-03	S1 Teknik Fisika	FTE
BS1TF-50-REG-04	S1 Teknik Fisika	FTE
BD3TK-50-REG-02	D3 Teknologi Komputer	FIT
JS1SI-26-REG-10	S1 Sistem Informasi - Kampus Jakarta	FRI
JS1SI-26-REG-09	S1 Sistem Informasi - Kampus Jakarta	FRI
JS1SI-26-REG-08	S1 Sistem Informasi - Kampus Jakarta	FRI
JS1DKV-26-REG-04	S1 Desain Komunikasi Visual - Kampus Jakarta	FIK
PS1TB-07-REG-01	S1 Teknik Biomedis - Kampus Purwokerto	FTE
PS1TT-14-REG-01	S1 Teknik Telekomunikasi - Kampus Purwokerto	FTE
PS1TE-10-REG-02	S1 Teknik Elektro - Kampus Purwokerto	FTE
PS1TL-07-REG-01	S1 Teknik Logistik - Kampus Purwokerto	FRI
SS1SI-50-REG-GAB01	S1 Sistem Informasi - Kampus Surabaya	FRI
SS1TE-50-REG-GAB01	S1 Teknik Elektro - Kampus Surabaya	FTE
SS1TI-09-REG-GAB-01sd05	S1 Teknik Industri - Kampus Surabaya	FRI
SS1TK-50-REG-01	S1 Teknik Komputer - Kampus Surabaya	FTE
SS1TL-50-REG-01	S1 Teknik Logistik - Kampus Surabaya	FRI
SS1TT-50-REG-GAB	S1 Teknik Telekomunikasi - Kampus Surabaya	FTE
BS1DK-50-REG-GAB1112	S1 Desain Komunikasi Visual	FIK
BS1TE-50-REG-03	S1 Teknik Elektro	FTE
BS1FA-50-REG-GAB0102	S1 Film	FIK
BS1TT-50-REG-09	S1 Teknik Telekomunikasi	FTE
BS1TE-50-REG-10	S1 Teknik Elektro	FTE
BS1KR-50-REG-GAB0102	S1 Kriya	FIK
BD3PH-50-REG-03	D3 Perhotelan	FIT
BS1TT-50-REG-03	S1 Teknik Telekomunikasi	FTE
BS1DK-50-REG-GAB1718	S1 Desain Komunikasi Visual	FIK
BS1TE-50-REG-09	S1 Teknik Elektro	FTE
BD4SM-50-REG-02	D4 Teknologi Rekayasa Multimedia	FIT
BS1PR-50-REG-04	S1 Hubungan Masyarakat	FKS
BS1PR-50-REG-02	S1 Hubungan Masyarakat	FKS
BS1DB-50-REG-01	S1 Penyiaran Konten Digital	FKS
BS1PR-50-REG-03	S1 Hubungan Masyarakat	FKS
PS-49-01	S1 Psikologi	FKS
BS1AB-50-REG-11	S1 Administrasi Bisnis	FEB
BS1AB-50-REG-04	S1 Administrasi Bisnis	FEB
BS1AB-50-REG-14	S1 Administrasi Bisnis	FEB
BS1AB-50-REG-15	S1 Administrasi Bisnis	FEB
BS1TT-50-REG-01-INT	S1 Teknik Telekomunikasi	FTE
BS1TT-50-REG-02	S1 Teknik Telekomunikasi	FTE
BS1TK-50-REG-01	S1 Teknik Komputer	FTE
BS1TE-50-REG-04	S1 Teknik Elektro	FTE
BS1TT-50-REG-01-EXT	S1 Teknik Telekomunikasi	FTE
BS1TE-50-REG-08	S1 Teknik Elektro	FTE
JS1SI-26-REG-01	S1 Sistem Informasi - Kampus Jakarta	FRI
JS1SI-26-REG-07	S1 Sistem Informasi - Kampus Jakarta	FRI
JS1SI-26-REG-05	S1 Sistem Informasi - Kampus Jakarta	FRI
PS1TB-07-REG-03	S1 Teknik Biomedis - Kampus Purwokerto	FTE
PS1SI-10-REG-03	S1 Sistem Informasi - Kampus Purwokerto	FRI
BS1TI-50-REG-03	S1 Teknik Industri	FRI
BS1TI-50-REG-13	S1 Teknik Industri	FRI
BS1TI-50-REG-09	S1 Teknik Industri	FRI
BS1MR-50-REG-01	S1 Manajemen Rekayasa	FRI
BS1SI-50-REG-01	S1 Sistem Informasi	FRI
BS1MR-50-REG-04	S1 Manajemen Rekayasa	FRI
BS1TI-50-REG-14	S1 Teknik Industri	FRI
BS1TI-50-REG-02	S1 Teknik Industri	FRI
BS1TI-50-REG-10	S1 Teknik Industri	FRI
BS1TI-50-REG-06	S1 Teknik Industri	FRI
BS1TI-50-REG-08	S1 Teknik Industri	FRI
BS1TI-50-REG-11	S1 Teknik Industri	FRI
BS1SI-50-REG-06	S1 Sistem Informasi	FRI
BS1SI-50-REG-02	S1 Sistem Informasi	FRI
BS1SI-50-REG-14	S1 Sistem Informasi	FRI
BS1SI-50-REG-12	S1 Sistem Informasi	FRI
BS1SI-50-REG-07	S1 Sistem Informasi	FRI
BS1TT-50-REG-05	S1 Teknik Telekomunikasi	FTE
BS1DI-50-REG-GAB0708	S1 Desain Interior	FIK
BS1DK-50-REG-GAB0708	S1 Desain Komunikasi Visual	FIK
BS1DK-50-REG-GAB0304	S1 Desain Komunikasi Visual	FIK
BS1DI-50-REG-GAB0506	S1 Desain Interior	FIK
BS1TI-50-REG-01-INT	S1 Teknik Industri	FRI
BS1SI-50-REG-INT	S1 Sistem Informasi	FRI
BS1MR-50-REG-02	S1 Manajemen Rekayasa	FRI
BD3TT-50-REG-GAB	D3 Teknologi Telekomunikasi	FIT
BD3SIA-50-REG-02	D3 Sistem Informasi Akuntansi	FIT
BS1SI-50-REG-03	S1 Sistem Informasi	FRI
BD3IF-50-REG-02	D3 Rekayasa Perangkat Lunak Aplikasi	FIT
BS1SI-50-REG-10	S1 Sistem Informasi	FRI
BS1TT-50-REG-04	S1 Teknik Telekomunikasi	FTE
BD4SM-50-REG-01	D4 Teknologi Rekayasa Multimedia	FIT
BS1DK-50-REG-GAB1314	S1 Desain Komunikasi Visual	FIK
PS-49-04	S1 Psikologi	FKS
BS1PR-50-REG-06	S1 Hubungan Masyarakat	FKS
BD4SC-50-REG-02	D4 Sistem Informasi Kota Cerdas	FIT
BS1TE-50-REG-01-INT	S1 Teknik Elektro	FTE
TB-50-03	S1 Teknik Biomedis	FTE
BD3MP-50-REG-01	D3 Manajemen Pemasaran	FIT
TB-50-01	S1 Teknik Biomedis	FTE
BS1TL-50-REG-01	S1 Teknik Logistik	FRI
BS1TL-50-REG-04	S1 Teknik Logistik	FRI
BS1TL-50-REG-02	S1 Teknik Logistik	FRI
BS1TL-50-REG-03	S1 Teknik Logistik	FRI
BS1TI-50-REG-12	S1 Teknik Industri	FRI
BS1TI-50-REG-15	S1 Teknik Industri	FRI
BS1TI-50-REG-04	S1 Teknik Industri	FRI
BS1TI-50-REG-01	S1 Teknik Industri	FRI
BS1TI-50-REG-07	S1 Teknik Industri	FRI
BS1SI-50-REG-08	S1 Sistem Informasi	FRI
BS1SI-50-REG-09	S1 Sistem Informasi	FRI
BS1SI-50-REG-04	S1 Sistem Informasi	FRI
BS1TI-50-REG-05	S1 Teknik Industri	FRI
BS1MR-50-REG-03	S1 Manajemen Rekayasa	FRI
BS1SI-50-REG-05	S1 Sistem Informasi	FRI
BS1SI-50-REG-11	S1 Sistem Informasi	FRI
BS1SI-50-REG-13	S1 Sistem Informasi	FRI
PS1DK-10-REG-01	S1 Desain Komunikasi Visual - Kampus Purwokerto	FIK
PS1TP-05-REG-02	S1 Teknologi Pangan - Kampus Purwokerto	FRI
PS1DK-10-REG-02	S1 Desain Komunikasi Visual - Kampus Purwokerto	FIK
PS1DP-06-REG-01	S1 Desain Produk - Kampus Purwokerto	FIK
PS1TT-14-REG-02	S1 Teknik Telekomunikasi - Kampus Purwokerto	FTE
PS1TI-10-REG-04	S1 Teknik Industri - Kampus Purwokerto	FRI
